Date,GOOGL,SPX,KR,T,F,CVX,MSFT,WMT,AMZN,SPY
12/31/2025,313.00 ,6845.50 ,62.48 ,24.84 ,13.12 ,152.41 ,483.62 ,111.41 ,230.82 ,681.92 
11/28/2025,320.18 ,6849.09 ,67.28 ,26.02 ,13.28 ,151.13 ,492.01 ,110.51 ,233.22 ,683.39 
10/31/2025,281.19 ,6840.20 ,63.63 ,24.75 ,13.13 ,157.72 ,517.81 ,101.18 ,244.22 ,682.06 
9/30/2025,243.10 ,6688.46 ,67.41 ,28.24 ,11.96 ,155.29 ,517.95 ,103.06 ,219.57 ,666.18 
8/29/2025,212.91 ,6460.26 ,67.84 ,29.29 ,11.77 ,160.60 ,506.69 ,96.98 ,229.00 ,645.05 
7/31/2025,191.90 ,6339.39 ,70.10 ,27.41 ,11.07 ,151.64 ,533.50 ,97.98 ,234.11 ,632.08 
6/30/2025,176.23 ,6204.95 ,71.73 ,28.94 ,10.85 ,143.19 ,497.41 ,97.78 ,219.39 ,617.85 
5/30/2025,171.74 ,5911.69 ,68.23 ,27.80 ,10.38 ,136.70 ,460.36 ,98.72 ,205.01 ,589.39 
4/30/2025,158.80 ,5569.06 ,72.21 ,27.70 ,10.01 ,136.06 ,395.26 ,97.25 ,184.42 ,554.54 
3/31/2025,154.64 ,5611.85 ,67.69 ,28.28 ,10.03 ,167.29 ,375.39 ,87.79 ,190.26 ,559.39 
2/28/2025,170.28 ,5954.50 ,64.82 ,27.41 ,9.55 ,158.62 ,396.99 ,98.61 ,212.28 ,594.18 
1/31/2025,204.02 ,6040.53 ,61.64 ,23.73 ,10.08 ,149.19 ,415.06 ,98.16 ,237.68 ,601.82 
12/31/2024,189.30 ,5881.63 ,61.15 ,22.77 ,9.90 ,144.84 ,421.50 ,90.35 ,219.39 ,586.08 
11/29/2024,168.95 ,6032.38 ,61.08 ,23.16 ,11.13 ,161.93 ,423.46 ,92.50 ,207.89 ,602.55 
10/31/2024,171.11 ,5705.45 ,55.77 ,22.54 ,10.29 ,148.82 ,406.35 ,81.95 ,186.40 ,568.64 
9/30/2024,165.85 ,5762.48 ,57.30 ,22.00 ,10.56 ,147.27 ,430.30 ,80.75 ,186.33 ,573.76 
8/30/2024,163.38 ,5648.40 ,53.21 ,19.90 ,11.19 ,147.95 ,417.14 ,77.23 ,178.50 ,563.68 
7/31/2024,171.54 ,5522.30 ,54.50 ,19.25 ,10.82 ,160.47 ,418.35 ,68.64 ,186.98 ,550.81 
6/28/2024,182.15 ,5460.48 ,49.93 ,19.11 ,12.54 ,156.42 ,446.95 ,67.71 ,193.25 ,544.22 
5/31/2024,172.50 ,5277.51 ,52.37 ,18.22 ,12.13 ,162.30 ,415.13 ,65.76 ,176.44 ,527.37 
4/30/2024,162.78 ,5035.69 ,55.38 ,16.89 ,12.15 ,161.27 ,389.33 ,59.35 ,175.00 ,501.98 
3/28/2024,150.93 ,5254.35 ,57.13 ,17.60 ,13.28 ,157.74 ,420.72 ,60.17 ,180.38 ,523.07 
2/29/2024,138.46 ,5096.27 ,49.61 ,16.93 ,12.44 ,152.01 ,413.64 ,58.61 ,176.76 ,508.08 
1/31/2024,140.10 ,4845.65 ,46.14 ,17.69 ,11.72 ,147.43 ,397.58 ,55.08 ,155.20 ,482.88 
12/29/2023,139.69 ,4769.83 ,45.71 ,16.78 ,12.19 ,149.16 ,376.04 ,52.55 ,151.94 ,475.31 
11/30/2023,132.53 ,4567.80 ,44.27 ,16.57 ,10.26 ,143.60 ,378.91 ,51.90 ,146.09 ,456.40 
10/31/2023,124.08 ,4193.80 ,45.37 ,15.40 ,9.75 ,145.73 ,338.11 ,54.47 ,133.09 ,418.20 
9/29/2023,130.86 ,4288.05 ,44.75 ,15.02 ,12.42 ,168.62 ,315.75 ,53.31 ,127.12 ,427.48 
8/31/2023,136.17 ,4507.66 ,46.39 ,14.79 ,12.13 ,161.10 ,327.76 ,54.20 ,138.01 ,450.35 
7/31/2023,132.72 ,4588.96 ,48.64 ,14.52 ,13.21 ,163.66 ,335.92 ,53.29 ,133.68 ,457.79 
6/30/2023,119.70 ,4450.38 ,47.00 ,15.95 ,15.13 ,157.35 ,340.54 ,52.39 ,130.36 ,443.28 
5/31/2023,122.87 ,4179.83 ,45.33 ,15.73 ,12.00 ,150.62 ,328.39 ,48.96 ,120.58 ,417.85 
4/28/2023,107.34 ,4169.48 ,48.63 ,17.67 ,11.88 ,168.58 ,307.26 ,50.32 ,105.45 ,415.93 
3/31/2023,103.73 ,4109.31 ,49.37 ,19.25 ,12.60 ,163.16 ,288.30 ,49.15 ,103.29 ,409.39 
2/28/2023,90.06 ,3970.15 ,43.14 ,18.91 ,12.07 ,160.77 ,249.42 ,47.38 ,94.23 ,396.26 
1/31/2023,98.84 ,4076.60 ,44.63 ,20.37 ,13.51 ,174.02 ,247.81 ,47.96 ,103.13 ,406.48 
12/30/2022,88.23 ,3839.50 ,44.58 ,18.41 ,11.63 ,179.49 ,239.82 ,47.26 ,84.00 ,382.43 
11/30/2022,100.99 ,4080.11 ,49.19 ,19.28 ,13.90 ,183.31 ,255.14 ,50.81 ,96.54 ,407.68 
10/31/2022,94.51 ,3871.98 ,47.29 ,18.23 ,13.37 ,180.90 ,232.13 ,47.44 ,102.44 ,386.21 
9/30/2022,95.65 ,3585.62 ,43.75 ,15.34 ,11.20 ,143.67 ,232.90 ,43.23 ,113.00 ,357.18 
8/31/2022,108.22 ,3955.00 ,47.94 ,17.54 ,15.24 ,158.06 ,261.47 ,44.18 ,126.77 ,395.18 
7/29/2022,116.32 ,4130.29 ,46.44 ,18.78 ,14.69 ,163.78 ,280.74 ,44.02 ,134.95 ,411.99 
6/30/2022,108.96 ,3785.38 ,47.33 ,20.96 ,11.13 ,144.78 ,256.83 ,40.53 ,106.21 ,377.25 
5/31/2022,113.76 ,4132.15 ,52.97 ,21.29 ,13.68 ,174.66 ,271.87 ,42.88 ,120.21 ,412.93 
4/29/2022,114.11 ,4131.93 ,53.96 ,18.86 ,14.16 ,156.67 ,277.52 ,51.00 ,124.28 ,412.00 
3/31/2022,139.07 ,4530.41 ,57.37 ,23.63 ,16.91 ,162.83 ,308.31 ,49.64 ,163.00 ,451.64 
2/28/2022,135.06 ,4373.94 ,46.80 ,23.69 ,17.56 ,144.00 ,298.79 ,45.05 ,153.56 ,436.63 
1/31/2022,135.30 ,4515.55 ,43.59 ,25.50 ,20.30 ,131.33 ,310.98 ,46.60 ,149.57 ,449.91 
12/31/2021,144.85 ,4766.18 ,45.26 ,24.60 ,20.77 ,117.35 ,336.32 ,48.23 ,166.72 ,474.96 
11/30/2021,141.90 ,4567.00 ,41.53 ,22.83 ,19.19 ,112.87 ,330.59 ,46.88 ,175.35 ,455.56 
10/29/2021,148.05 ,4605.38 ,40.02 ,25.26 ,17.08 ,114.49 ,331.62 ,49.81 ,168.62 ,459.25 
9/30/2021,133.68 ,4307.54 ,40.43 ,27.01 ,14.16 ,101.45 ,281.92 ,46.46 ,164.25 ,429.14 
8/31/2021,144.70 ,4522.68 ,46.03 ,27.42 ,13.03 ,96.77 ,301.88 ,49.37 ,173.54 ,451.56 
7/30/2021,134.73 ,4395.26 ,40.70 ,28.05 ,13.95 ,101.81 ,284.91 ,47.52 ,166.38 ,438.51 
6/30/2021,122.09 ,4297.50 ,38.31 ,28.78 ,14.86 ,104.74 ,270.90 ,47.01 ,172.01 ,428.06 
5/28/2021,117.84 ,4204.11 ,36.98 ,29.43 ,14.53 ,103.79 ,249.68 ,47.34 ,161.15 ,420.04 
4/30/2021,117.68 ,4181.17 ,36.54 ,31.41 ,11.54 ,103.07 ,252.18 ,46.64 ,173.37 ,417.30 
3/31/2021,103.13 ,3972.89 ,35.99 ,30.27 ,12.25 ,104.79 ,235.77 ,45.28 ,154.70 ,396.33 
2/26/2021,101.10 ,3811.15 ,32.21 ,27.89 ,11.70 ,100.00 ,232.38 ,43.31 ,154.65 ,380.36 
1/29/2021,91.37 ,3714.24 ,34.50 ,28.63 ,10.53 ,85.20 ,231.96 ,46.83 ,160.31 ,370.07 
12/31/2020,87.63 ,3756.07 ,31.76 ,28.76 ,8.79 ,84.45 ,222.42 ,48.05 ,162.85 ,373.88 
11/30/2020,87.72 ,3621.63 ,33.00 ,28.75 ,9.08 ,87.18 ,214.07 ,50.93 ,158.40 ,362.06 
10/30/2020,80.81 ,3269.96 ,32.21 ,27.02 ,7.73 ,69.50 ,202.47 ,46.25 ,151.81 ,326.54 
9/30/2020,73.28 ,3363.00 ,33.91 ,28.51 ,6.66 ,72.00 ,210.33 ,46.64 ,157.44 ,334.89 
8/31/2020,81.48 ,3500.31 ,35.68 ,29.81 ,6.82 ,83.93 ,225.53 ,46.28 ,172.55 ,349.31 
7/31/2020,74.40 ,3271.12 ,34.79 ,29.58 ,6.61 ,83.94 ,205.01 ,43.13 ,158.23 ,326.52 
6/30/2020,70.90 ,3100.29 ,33.85 ,30.23 ,6.08 ,89.23 ,203.51 ,39.93 ,137.94 ,308.36 
5/29/2020,71.68 ,3044.31 ,32.62 ,30.86 ,5.71 ,91.70 ,183.25 ,41.35 ,122.12 ,304.32 
4/30/2020,67.34 ,2912.43 ,31.61 ,30.47 ,5.09 ,92.00 ,179.21 ,40.52 ,123.70 ,290.48 
3/31/2020,58.10 ,2584.59 ,30.12 ,29.15 ,4.83 ,72.46 ,157.71 ,37.87 ,97.49 ,257.75 
2/28/2020,66.96 ,2954.22 ,28.13 ,35.22 ,6.96 ,93.34 ,162.01 ,35.89 ,94.19 ,296.26 
1/31/2020,71.64 ,3225.52 ,26.86 ,37.62 ,8.82 ,107.14 ,170.23 ,38.16 ,100.44 ,321.73 
12/31/2019,66.97 ,3230.78 ,28.99 ,39.08 ,9.30 ,120.51 ,157.70 ,39.61 ,92.39 ,321.86 
11/29/2019,65.20 ,3140.98 ,27.34 ,37.38 ,9.06 ,117.13 ,151.38 ,39.70 ,90.04 ,314.31 
10/31/2019,62.94 ,3037.56 ,24.64 ,38.49 ,8.59 ,116.14 ,143.37 ,39.09 ,88.83 ,303.33 
9/30/2019,61.06 ,2976.74 ,25.78 ,37.84 ,9.16 ,118.60 ,139.03 ,39.56 ,86.80 ,296.77 
8/30/2019,59.53 ,2926.46 ,23.68 ,35.26 ,9.17 ,117.72 ,137.86 ,38.09 ,88.81 ,292.45 
7/31/2019,60.91 ,2980.38 ,21.16 ,34.05 ,9.53 ,123.11 ,136.27 ,36.79 ,93.34 ,297.43 
6/28/2019,54.14 ,2941.76 ,21.71 ,33.51 ,10.23 ,124.44 ,133.96 ,36.83 ,94.68 ,293.00 
5/31/2019,55.33 ,2752.06 ,22.81 ,30.58 ,9.52 ,113.85 ,123.68 ,33.81 ,88.75 ,275.27 
4/30/2019,59.95 ,2945.83 ,25.78 ,30.96 ,10.45 ,120.06 ,130.60 ,34.28 ,96.33 ,294.02 
3/29/2019,58.84 ,2834.40 ,24.60 ,31.36 ,8.78 ,123.18 ,117.94 ,32.51 ,89.04 ,282.48 
2/28/2019,56.33 ,2784.49 ,29.33 ,31.12 ,8.77 ,119.58 ,112.03 ,33.00 ,81.99 ,278.68 
1/31/2019,56.29 ,2704.10 ,28.33 ,30.06 ,8.80 ,114.65 ,104.43 ,31.94 ,85.94 ,269.93 
12/31/2018,52.25 ,2506.85 ,27.50 ,28.54 ,7.65 ,108.79 ,101.57 ,31.05 ,75.10 ,249.92 
11/30/2018,55.48 ,2760.17 ,29.66 ,31.24 ,9.41 ,118.94 ,110.89 ,32.55 ,84.51 ,275.65 
10/31/2018,54.53 ,2711.74 ,29.76 ,30.68 ,9.55 ,111.65 ,106.81 ,33.43 ,79.90 ,270.63 
9/28/2018,60.35 ,2913.98 ,29.11 ,33.58 ,9.25 ,122.28 ,114.37 ,31.30 ,100.15 ,290.72 
8/31/2018,61.59 ,2901.52 ,31.50 ,31.94 ,9.48 ,118.46 ,112.33 ,31.95 ,100.64 ,290.31 
7/31/2018,61.36 ,2816.29 ,29.00 ,31.97 ,10.04 ,126.27 ,106.08 ,29.74 ,88.87 ,281.33 
6/29/2018,56.46 ,2718.37 ,28.45 ,32.11 ,11.07 ,126.43 ,98.61 ,28.55 ,84.99 ,271.28 
5/31/2018,55.00 ,2705.27 ,24.33 ,32.32 ,11.55 ,124.30 ,98.84 ,27.51 ,81.48 ,270.94 
4/30/2018,50.93 ,2648.05 ,25.19 ,32.70 ,11.24 ,125.11 ,93.52 ,29.49 ,78.31 ,264.51 
3/29/2018,51.86 ,2640.87 ,23.94 ,35.65 ,11.08 ,114.04 ,91.27 ,29.66 ,72.37 ,263.15 
2/28/2018,55.20 ,2713.83 ,27.12 ,36.30 ,10.61 ,111.92 ,93.77 ,30.00 ,75.62 ,271.65 
1/31/2018,59.11 ,2823.81 ,30.36 ,37.45 ,10.97 ,125.35 ,95.01 ,35.53 ,72.54 ,281.90 
12/29/2017,52.67 ,2673.61 ,27.45 ,38.88 ,12.49 ,125.19 ,85.54 ,32.92 ,58.47 ,266.86 
11/30/2017,51.81 ,2647.58 ,25.86 ,36.38 ,12.52 ,118.99 ,84.17 ,32.41 ,58.84 ,265.01 
10/31/2017,51.65 ,2575.26 ,20.70 ,33.65 ,12.27 ,115.89 ,83.18 ,29.10 ,55.26 ,257.15 
9/29/2017,48.69 ,2519.36 ,20.06 ,39.17 ,11.97 ,117.50 ,74.49 ,26.05 ,48.07 ,251.23 
8/31/2017,47.76 ,2471.65 ,21.87 ,37.46 ,11.03 ,107.62 ,74.77 ,26.02 ,49.03 ,247.49 
7/31/2017,47.28 ,2470.30 ,24.52 ,39.00 ,11.22 ,109.19 ,72.70 ,26.66 ,49.39 ,246.77 
6/30/2017,46.48 ,2423.41 ,23.32 ,37.73 ,11.19 ,104.33 ,68.93 ,25.23 ,48.40 ,241.80 
5/31/2017,49.35 ,2411.80 ,29.78 ,38.53 ,11.12 ,103.48 ,69.84 ,26.20 ,49.73 ,241.44 
4/28/2017,46.23 ,2384.20 ,29.65 ,39.63 ,11.47 ,106.70 ,68.46 ,25.06 ,46.25 ,238.08 
3/31/2017,42.39 ,2362.72 ,29.49 ,41.55 ,11.64 ,107.37 ,65.86 ,24.03 ,44.33 ,235.74 
2/28/2017,42.25 ,2363.64 ,31.80 ,41.79 ,12.53 ,112.50 ,63.98 ,23.64 ,42.25 ,236.47 
1/31/2017,41.01 ,2278.87 ,33.96 ,42.16 ,12.36 ,111.35 ,64.65 ,22.25 ,41.17 ,227.53 
12/30/2016,39.62 ,2238.83 ,34.51 ,42.53 ,12.13 ,117.70 ,62.14 ,23.04 ,37.49 ,223.53 
11/30/2016,38.79 ,2198.81 ,32.30 ,38.63 ,11.96 ,111.56 ,60.26 ,23.48 ,37.53 ,220.38 
10/31/2016,40.50 ,2126.15 ,30.98 ,36.79 ,11.74 ,104.75 ,59.92 ,23.34 ,39.49 ,212.55 
9/30/2016,40.20 ,2168.27 ,29.68 ,40.61 ,12.07 ,102.92 ,57.60 ,24.04 ,41.87 ,216.30 
8/31/2016,39.49 ,2170.95 ,31.99 ,40.88 ,12.60 ,100.58 ,57.46 ,23.81 ,38.46 ,217.38 
7/29/2016,39.57 ,2173.60 ,34.19 ,43.29 ,12.66 ,102.48 ,56.68 ,24.32 ,37.94 ,217.12 
6/30/2016,35.18 ,2098.86 ,36.79 ,43.21 ,12.57 ,104.83 ,51.17 ,24.34 ,35.78 ,209.48 
5/31/2016,37.44 ,2096.96 ,35.76 ,39.15 ,13.49 ,101.00 ,53.00 ,23.59 ,36.14 ,209.84 
4/29/2016,35.39 ,2065.30 ,35.39 ,38.82 ,13.56 ,102.18 ,49.87 ,22.29 ,32.98 ,206.33 
3/31/2016,38.15 ,2059.74 ,38.25 ,39.17 ,13.50 ,95.40 ,55.23 ,22.83 ,29.68 ,205.52 
2/29/2016,35.86 ,1932.23 ,39.91 ,36.95 ,12.51 ,83.44 ,50.88 ,22.11 ,27.63 ,193.56 
1/29/2016,38.07 ,1940.24 ,38.81 ,36.06 ,11.94 ,86.47 ,55.09 ,22.12 ,29.35 ,193.72 
12/31/2015,38.90 ,2043.94 ,41.83 ,34.41 ,14.09 ,89.96 ,55.48 ,20.43 ,33.79 ,203.87 
11/30/2015,38.14 ,2080.41 ,37.66 ,33.67 ,14.33 ,91.32 ,54.35 ,19.61 ,33.24 ,208.69 
10/30/2015,36.87 ,2079.36 ,37.80 ,33.51 ,14.81 ,90.88 ,52.64 ,19.08 ,31.30 ,207.93 
9/30/2015,31.92 ,1920.03 ,36.07 ,32.58 ,13.57 ,78.88 ,44.26 ,21.61 ,25.59 ,191.63 
8/31/2015,32.39 ,1972.18 ,34.50 ,33.20 ,13.87 ,80.99 ,43.52 ,21.58 ,25.64 ,197.67 
7/31/2015,32.88 ,2103.84 ,39.24 ,34.74 ,14.83 ,88.48 ,46.70 ,23.99 ,26.81 ,210.50 
6/30/2015,27.00 ,2063.11 ,36.26 ,35.52 ,15.01 ,96.47 ,44.15 ,23.64 ,21.70 ,205.85 
5/29/2015,27.27 ,2107.39 ,36.40 ,34.54 ,15.17 ,103.00 ,46.86 ,24.76 ,21.46 ,211.14 
4/30/2015,27.44 ,2085.51 ,34.46 ,34.64 ,15.80 ,111.06 ,48.64 ,26.02 ,21.09 ,208.46 
3/31/2015,27.74 ,2067.89 ,38.33 ,32.65 ,16.14 ,104.98 ,40.66 ,27.42 ,18.61 ,206.43 
2/27/2015,28.13 ,2104.50 ,35.58 ,34.56 ,16.34 ,106.68 ,43.85 ,27.98 ,19.01 ,210.66 
1/30/2015,26.88 ,1994.99 ,34.53 ,32.92 ,14.71 ,102.53 ,40.40 ,28.33 ,17.73 ,199.45 