Date,symbol,adj_close,ret
2015-02-27,AMZN,19.01,0.07219402143260023
2015-03-31,AMZN,18.61,-0.021041557075223705
2015-04-30,AMZN,21.09,0.13326168726491128
2015-05-29,AMZN,21.46,0.01754385964912286
2015-06-30,AMZN,21.7,0.011183597390493905
2015-07-31,AMZN,26.81,0.23548387096774182
2015-08-31,AMZN,25.64,-0.04364043267437512
2015-09-30,AMZN,25.59,-0.0019500780031201925
2015-10-30,AMZN,31.3,0.22313403673309895
2015-11-30,AMZN,33.24,0.061980830670926634
2015-12-31,AMZN,33.79,0.016546329723224895
2016-01-29,AMZN,29.35,-0.13139982243267234
2016-02-29,AMZN,27.63,-0.058603066439523066
2016-03-31,AMZN,29.68,0.074194715888527
2016-04-29,AMZN,32.98,0.11118598382749312
2016-05-31,AMZN,36.14,0.09581564584596736
2016-06-30,AMZN,35.78,-0.009961261759822926
2016-07-29,AMZN,37.94,0.060368921185019575
2016-08-31,AMZN,38.46,0.01370585134422786
2016-09-30,AMZN,41.87,0.08866354654186148
2016-10-31,AMZN,39.49,-0.05684260807260555
2016-11-30,AMZN,37.53,-0.049632818435046855
2016-12-30,AMZN,37.49,-0.0010658140154542473
2017-01-31,AMZN,41.17,0.09815950920245387
2017-02-28,AMZN,42.25,0.02623269370901138
2017-03-31,AMZN,44.33,0.04923076923076919
2017-04-28,AMZN,46.25,0.04331152718249487
2017-05-31,AMZN,49.73,0.07524324324324327
2017-06-30,AMZN,48.4,-0.026744419867283264
2017-07-31,AMZN,49.39,0.020454545454545503
2017-08-31,AMZN,49.03,-0.007288924883579684
2017-09-29,AMZN,48.07,-0.019579849071996724
2017-10-31,AMZN,55.26,0.1495735385895569
2017-11-30,AMZN,58.84,0.06478465436120162
2017-12-29,AMZN,58.47,-0.0062882392929980435
2018-01-31,AMZN,72.54,0.24063622370446391
2018-02-28,AMZN,75.62,0.042459332781913384
2018-03-29,AMZN,72.37,-0.04297804813541395
2018-04-30,AMZN,78.31,0.08207820920270836
2018-05-31,AMZN,81.48,0.04048014302132552
2018-06-29,AMZN,84.99,0.04307805596465375
2018-07-31,AMZN,88.87,0.04565242969761152
2018-08-31,AMZN,100.64,0.13244064363677266
2018-09-28,AMZN,100.15,-0.004868839427662919
2018-10-31,AMZN,79.9,-0.20219670494258613
2018-11-30,AMZN,84.51,0.057697121401752094
2018-12-31,AMZN,75.1,-0.11134776949473446
2019-01-31,AMZN,85.94,0.144340878828229
2019-02-28,AMZN,81.99,-0.04596229927856643
2019-03-29,AMZN,89.04,0.08598609586534955
2019-04-30,AMZN,96.33,0.08187331536388132
2019-05-31,AMZN,88.75,-0.07868784387003014
2019-06-28,AMZN,94.68,0.06681690140845076
2019-07-31,AMZN,93.34,-0.014152936206168198
2019-08-30,AMZN,88.81,-0.048532247696593145
2019-09-30,AMZN,86.8,-0.022632586420448186
2019-10-31,AMZN,88.83,0.023387096774193594
2019-11-29,AMZN,90.04,0.013621524259822326
2019-12-31,AMZN,92.39,0.026099511328298464
2020-01-31,AMZN,100.44,0.08713064184435537
2020-02-28,AMZN,94.19,-0.06222620469932294
2020-03-31,AMZN,97.49,0.035035566408323504
2020-04-30,AMZN,123.7,0.26884808698328033
2020-05-29,AMZN,122.12,-0.01277283751010505
2020-06-30,AMZN,137.94,0.12954471012119217
2020-07-31,AMZN,158.23,0.1470929389589677
2020-08-31,AMZN,172.55,0.09050116918409934
2020-09-30,AMZN,157.44,-0.08756882063170102
2020-10-30,AMZN,151.81,-0.03575965447154472
2020-11-30,AMZN,158.4,0.04340952506422502
2020-12-31,AMZN,162.85,0.028093434343434254
2021-01-29,AMZN,160.31,-0.015597175314706724
2021-02-26,AMZN,154.65,-0.03530659347514187
2021-03-31,AMZN,154.7,0.0003233107015840897
2021-04-30,AMZN,173.37,0.1206851971557854
2021-05-28,AMZN,161.15,-0.07048508969256506
2021-06-30,AMZN,172.01,0.06739062984796762
2021-07-30,AMZN,166.38,-0.032730655194465386
2021-08-31,AMZN,173.54,0.0430340185118403
2021-09-30,AMZN,164.25,-0.05353232684107401
2021-10-29,AMZN,168.62,0.02660578386605783
2021-11-30,AMZN,175.35,0.039912228679871875
2021-12-31,AMZN,166.72,-0.04921585400627315
2022-01-31,AMZN,149.57,-0.10286708253358934
2022-02-28,AMZN,153.56,0.02667647255465666
2022-03-31,AMZN,163.0,0.06147434227663462
2022-04-29,AMZN,124.28,-0.23754601226993866
2022-05-31,AMZN,120.21,-0.032748632121017085
2022-06-30,AMZN,106.21,-0.11646285666749856
2022-07-29,AMZN,134.95,0.27059598907824123
2022-08-31,AMZN,126.77,-0.06061504260837347
2022-09-30,AMZN,113.0,-0.10862191370197993
2022-10-31,AMZN,102.44,-0.09345132743362838
2022-11-30,AMZN,96.54,-0.05759468957438496
2022-12-30,AMZN,84.0,-0.1298943443132381
2023-01-31,AMZN,103.13,0.22773809523809518
2023-02-28,AMZN,94.23,-0.08629884611655181
2023-03-31,AMZN,103.29,0.09614772365488711
2023-04-28,AMZN,105.45,0.02091199535288979
2023-05-31,AMZN,120.58,0.14348032242769082
2023-06-30,AMZN,130.36,0.08110797810582193
2023-07-31,AMZN,133.68,0.02546793494937094
2023-08-31,AMZN,138.01,0.032390783961699476
2023-09-29,AMZN,127.12,-0.07890732555611901
2023-10-31,AMZN,133.09,0.04696349905601016
2023-11-30,AMZN,146.09,0.09767826282966419
2023-12-29,AMZN,151.94,0.040043808611130105
2024-01-31,AMZN,155.2,0.02145583783072258
2024-02-29,AMZN,176.76,0.13891752577319583
2024-03-28,AMZN,180.38,0.020479746548992983
2024-04-30,AMZN,175.0,-0.029825923051336023
2024-05-31,AMZN,176.44,0.008228571428571474
2024-06-28,AMZN,193.25,0.09527318068465207
2024-07-31,AMZN,186.98,-0.032445019404915953
2024-08-30,AMZN,178.5,-0.04535244411166961
2024-09-30,AMZN,186.33,0.04386554621848737
2024-10-31,AMZN,186.4,0.00037567756131595686
2024-11-29,AMZN,207.89,0.11528969957081525
2024-12-31,AMZN,219.39,0.05531771609986058
2025-01-31,AMZN,237.68,0.08336751903003803
2025-02-28,AMZN,212.28,-0.10686637495792661
2025-03-31,AMZN,190.26,-0.10373092142453366
2025-04-30,AMZN,184.42,-0.030694838641858513
2025-05-30,AMZN,205.01,0.11164732675414824
2025-06-30,AMZN,219.39,0.07014291985756782
2025-07-31,AMZN,234.11,0.06709512739869661
2025-08-29,AMZN,229.0,-0.02182734611934567
2025-09-30,AMZN,219.57,-0.04117903930131006
2025-10-31,AMZN,244.22,0.11226488135901991
2025-11-28,AMZN,233.22,-0.04504135615428717
2025-12-31,AMZN,230.82,-0.010290712631849774
2015-02-27,CVX,106.68,0.04047595825612027
2015-03-31,CVX,104.98,-0.015935508061492354
2015-04-30,CVX,111.06,0.05791579348447318
2015-05-29,CVX,103.0,-0.072573383756528
2015-06-30,CVX,96.47,-0.06339805825242717
2015-07-31,CVX,88.48,-0.08282367575412042
2015-08-31,CVX,80.99,-0.08465189873417733
2015-09-30,CVX,78.88,-0.02605259908630697
2015-10-30,CVX,90.88,0.15212981744421916
2015-11-30,CVX,91.32,0.0048415492957745165
2015-12-31,CVX,89.96,-0.014892685063512934
2016-01-29,CVX,86.47,-0.03879502000889279
2016-02-29,CVX,83.44,-0.035041054701052454
2016-03-31,CVX,95.4,0.14333652924256968
2016-04-29,CVX,102.18,0.0710691823899372
2016-05-31,CVX,101.0,-0.011548248189469645
2016-06-30,CVX,104.83,0.037920792079207954
2016-07-29,CVX,102.48,-0.022417246971286775
2016-08-31,CVX,100.58,-0.01854020296643255
2016-09-30,CVX,102.92,0.023265062636707023
2016-10-31,CVX,104.75,0.017780800621842285
2016-11-30,CVX,111.56,0.06501193317422427
2016-12-30,CVX,117.7,0.05503764790247412
2017-01-31,CVX,111.35,-0.05395072217502128
2017-02-28,CVX,112.5,0.01032779524023364
2017-03-31,CVX,107.37,-0.045599999999999974
2017-04-28,CVX,106.7,-0.0062401043121914634
2017-05-31,CVX,103.48,-0.03017806935332712
2017-06-30,CVX,104.33,0.00821414766138373
2017-07-31,CVX,109.19,0.04658295792197831
2017-08-31,CVX,107.62,-0.014378606099459623
2017-09-29,CVX,117.5,0.09180449730533358
2017-10-31,CVX,115.89,-0.013702127659574459
2017-11-30,CVX,118.99,0.026749503839847977
2017-12-29,CVX,125.19,0.052105218925960095
2018-01-31,CVX,125.35,0.0012780573528237138
2018-02-28,CVX,111.92,-0.10714000797766254
2018-03-29,CVX,114.04,0.018942101501072228
2018-04-30,CVX,125.11,0.0970712030866363
2018-05-31,CVX,124.3,-0.006474302613699967
2018-06-29,CVX,126.43,0.017135961383749176
2018-07-31,CVX,126.27,-0.0012655224234755513
2018-08-31,CVX,118.46,-0.06185158786726852
2018-09-28,CVX,122.28,0.03224717204119543
2018-10-31,CVX,111.65,-0.08693163231926726
2018-11-30,CVX,118.94,0.06529332736229287
2018-12-31,CVX,108.79,-0.08533714477887999
2019-01-31,CVX,114.65,0.05386524496736822
2019-02-28,CVX,119.58,0.043000436109899676
2019-03-29,CVX,123.18,0.03010536879076775
2019-04-30,CVX,120.06,-0.025328787140769693
2019-05-31,CVX,113.85,-0.051724137931034586
2019-06-28,CVX,124.44,0.09301712779973648
2019-07-31,CVX,123.11,-0.010687881710061076
2019-08-30,CVX,117.72,-0.04378198359190966
2019-09-30,CVX,118.6,0.007475365273530432
2019-10-31,CVX,116.14,-0.02074198988195608
2019-11-29,CVX,117.13,0.008524194937144847
2019-12-31,CVX,120.51,0.028856825749167703
2020-01-31,CVX,107.14,-0.11094514978010128
2020-02-28,CVX,93.34,-0.12880343475826017
2020-03-31,CVX,72.46,-0.22369830726376694
2020-04-30,CVX,92.0,0.26966602263317707
2020-05-29,CVX,91.7,-0.003260869565217317
2020-06-30,CVX,89.23,-0.02693565976008727
2020-07-31,CVX,83.94,-0.05928499383615382
2020-08-31,CVX,83.93,-0.00011913271384311752
2020-09-30,CVX,72.0,-0.14214226140831654
2020-10-30,CVX,69.5,-0.03472222222222221
2020-11-30,CVX,87.18,0.2543884892086332
2020-12-31,CVX,84.45,-0.03131452167928428
2021-01-29,CVX,85.2,0.008880994671403242
2021-02-26,CVX,100.0,0.1737089201877935
2021-03-31,CVX,104.79,0.047900000000000054
2021-04-30,CVX,103.07,-0.01641377994083415
2021-05-28,CVX,103.79,0.006985543805181127
2021-06-30,CVX,104.74,0.009153097600924864
2021-07-30,CVX,101.81,-0.027974030933740623
2021-08-31,CVX,96.77,-0.04950397799823203
2021-09-30,CVX,101.45,0.04836209569081329
2021-10-29,CVX,114.49,0.12853622474125181
2021-11-30,CVX,112.87,-0.014149707398025901
2021-12-31,CVX,117.35,0.03969168069460438
2022-01-31,CVX,131.33,0.11913080528334064
2022-02-28,CVX,144.0,0.09647452981040128
2022-03-31,CVX,162.83,0.1307638888888889
2022-04-29,CVX,156.67,-0.03783086654793355
2022-05-31,CVX,174.66,0.1148273440990617
2022-06-30,CVX,144.78,-0.17107523187907936
2022-07-29,CVX,163.78,0.13123359580052485
2022-08-31,CVX,158.06,-0.03492489925509834
2022-09-30,CVX,143.67,-0.09104137669239543
2022-10-31,CVX,180.9,0.25913551889747355
2022-11-30,CVX,183.31,0.01332227750138193
2022-12-30,CVX,179.49,-0.02083901587474768
2023-01-31,CVX,174.02,-0.030475235389158195
2023-02-28,CVX,160.77,-0.07614067348580622
2023-03-31,CVX,163.16,0.014865957579150324
2023-04-28,CVX,168.58,0.033218926207403854
2023-05-31,CVX,150.62,-0.10653695574801281
2023-06-30,CVX,157.35,0.0446819811446022
2023-07-31,CVX,163.66,0.0401016841436288
2023-08-31,CVX,161.1,-0.015642185017719634
2023-09-29,CVX,168.62,0.046679081315953
2023-10-31,CVX,145.73,-0.13574902146839052
2023-11-30,CVX,143.6,-0.014616070815892335
2023-12-29,CVX,149.16,0.038718662952646365
2024-01-31,CVX,147.43,-0.011598283722177416
2024-02-29,CVX,152.01,0.031065590449704805
2024-03-28,CVX,157.74,0.037694888494178125
2024-04-30,CVX,161.27,0.022378597692405133
2024-05-31,CVX,162.3,0.006386804737396945
2024-06-28,CVX,156.42,-0.03622920517560091
2024-07-31,CVX,160.47,0.02589182968929804
2024-08-30,CVX,147.95,-0.07802081385928838
2024-09-30,CVX,147.27,-0.0045961473470765846
2024-10-31,CVX,148.82,0.010524886263325817
2024-11-29,CVX,161.93,0.08809299825292305
2024-12-31,CVX,144.84,-0.1055394306181684
2025-01-31,CVX,149.19,0.03003314001656987
2025-02-28,CVX,158.62,0.06320798981164955
2025-03-31,CVX,167.29,0.05465893329970983
2025-04-30,CVX,136.06,-0.1866818100304859
2025-05-30,CVX,136.7,0.004703807143906946
2025-06-30,CVX,143.19,0.04747622531089979
2025-07-31,CVX,151.64,0.059012500872965834
2025-08-29,CVX,160.6,0.05908731205486695
2025-09-30,CVX,155.29,-0.03306351183063516
2025-10-31,CVX,157.72,0.0156481421855883
2025-11-28,CVX,151.13,-0.04178290641643423
2025-12-31,CVX,152.41,0.008469529544101073
2015-02-27,F,16.34,0.11080897348742336
2015-03-31,F,16.14,-0.012239902080783294
2015-04-30,F,15.8,-0.02106567534076831
2015-05-29,F,15.17,-0.03987341772151909
2015-06-30,F,15.01,-0.010547132498352041
2015-07-31,F,14.83,-0.011992005329780175
2015-08-31,F,13.87,-0.06473364801078896
2015-09-30,F,13.57,-0.021629416005767732
2015-10-30,F,14.81,0.09137803979366255
2015-11-30,F,14.33,-0.03241053342336264
2015-12-31,F,14.09,-0.016748080949057886
2016-01-29,F,11.94,-0.15259048970901357
2016-02-29,F,12.51,0.047738693467336724
2016-03-31,F,13.5,0.07913669064748197
2016-04-29,F,13.56,0.004444444444444473
2016-05-31,F,13.49,-0.005162241887905594
2016-06-30,F,12.57,-0.06819866567828015
2016-07-29,F,12.66,0.007159904534606243
2016-08-31,F,12.6,-0.004739336492891044
2016-09-30,F,12.07,-0.042063492063492025
2016-10-31,F,11.74,-0.027340513670256805
2016-11-30,F,11.96,0.01873935264054527
2016-12-30,F,12.13,0.014214046822742521
2017-01-31,F,12.36,0.018961253091508645
2017-02-28,F,12.53,0.013754045307443397
2017-03-31,F,11.64,-0.07102952913008764
2017-04-28,F,11.47,-0.014604810996563522
2017-05-31,F,11.12,-0.03051438535309514
2017-06-30,F,11.19,0.00629496402877705
2017-07-31,F,11.22,0.002680965147453085
2017-08-31,F,11.03,-0.016934046345811193
2017-09-29,F,11.97,0.08522212148685426
2017-10-31,F,12.27,0.025062656641603898
2017-11-30,F,12.52,0.02037489812550941
2017-12-29,F,12.49,-0.0023961661341852514
2018-01-31,F,10.97,-0.12169735788630898
2018-02-28,F,10.61,-0.03281677301732011
2018-03-29,F,11.08,0.04429783223374173
2018-04-30,F,11.24,0.014440433212996373
2018-05-31,F,11.55,0.02758007117437722
2018-06-29,F,11.07,-0.04155844155844157
2018-07-31,F,10.04,-0.09304426377597119
2018-08-31,F,9.48,-0.055776892430278724
2018-09-28,F,9.25,-0.02426160337552752
2018-10-31,F,9.55,0.032432432432432545
2018-11-30,F,9.41,-0.01465968586387445
2018-12-31,F,7.65,-0.18703506907545164
2019-01-31,F,8.8,0.15032679738562105
2019-02-28,F,8.77,-0.003409090909091028
2019-03-29,F,8.78,0.0011402508551880963
2019-04-30,F,10.45,0.19020501138952173
2019-05-31,F,9.52,-0.08899521531100474
2019-06-28,F,10.23,0.07457983193277329
2019-07-31,F,9.53,-0.06842619745845557
2019-08-30,F,9.17,-0.03777544596012583
2019-09-30,F,9.16,-0.0010905125408942062
2019-10-31,F,8.59,-0.06222707423580787
2019-11-29,F,9.06,0.05471478463329471
2019-12-31,F,9.3,0.026490066225165476
2020-01-31,F,8.82,-0.05161290322580647
2020-02-28,F,6.96,-0.2108843537414966
2020-03-31,F,4.83,-0.30603448275862066
2020-04-30,F,5.09,0.053830227743271175
2020-05-29,F,5.71,0.12180746561886058
2020-06-30,F,6.08,0.06479859894921192
2020-07-31,F,6.61,0.08717105263157898
2020-08-31,F,6.82,0.03177004538577921
2020-09-30,F,6.66,-0.02346041055718473
2020-10-30,F,7.73,0.16066066066066065
2020-11-30,F,9.08,0.17464424320827932
2020-12-31,F,8.79,-0.03193832599118951
2021-01-29,F,10.53,0.1979522184300342
2021-02-26,F,11.7,0.11111111111111116
2021-03-31,F,12.25,0.047008547008547064
2021-04-30,F,11.54,-0.05795918367346942
2021-05-28,F,14.53,0.2590987868284229
2021-06-30,F,14.86,0.02271163110805241
2021-07-30,F,13.95,-0.06123822341857332
2021-08-31,F,13.03,-0.06594982078853051
2021-09-30,F,14.16,0.08672294704528016
2021-10-29,F,17.08,0.20621468926553654
2021-11-30,F,19.19,0.12353629976580804
2021-12-31,F,20.77,0.08233454924439809
2022-01-31,F,20.3,-0.022628791526239755
2022-02-28,F,17.56,-0.13497536945812816
2022-03-31,F,16.91,-0.03701594533029606
2022-04-29,F,14.16,-0.16262566528681255
2022-05-31,F,13.68,-0.03389830508474578
2022-06-30,F,11.13,-0.1864035087719298
2022-07-29,F,14.69,0.3198562443845461
2022-08-31,F,15.24,0.03744043567052424
2022-09-30,F,11.2,-0.2650918635170604
2022-10-31,F,13.37,0.1937500000000001
2022-11-30,F,13.9,0.039640987284966345
2022-12-30,F,11.63,-0.16330935251798562
2023-01-31,F,13.51,0.16165090283748906
2023-02-28,F,12.07,-0.1065877128053293
2023-03-31,F,12.6,0.043910521955260906
2023-04-28,F,11.88,-0.05714285714285705
2023-05-31,F,12.0,0.010101010101009944
2023-06-30,F,15.13,0.2608333333333335
2023-07-31,F,13.21,-0.12690019828155985
2023-08-31,F,12.13,-0.08175624526873582
2023-09-29,F,12.42,0.023907666941467287
2023-10-31,F,9.75,-0.21497584541062797
2023-11-30,F,10.26,0.05230769230769239
2023-12-29,F,12.19,0.18810916179337234
2024-01-31,F,11.72,-0.03855619360131246
2024-02-29,F,12.44,0.06143344709897591
2024-03-28,F,13.28,0.067524115755627
2024-04-30,F,12.15,-0.08509036144578308
2024-05-31,F,12.13,-0.0016460905349794386
2024-06-28,F,12.54,0.03380049464138479
2024-07-31,F,10.82,-0.13716108452950548
2024-08-30,F,11.19,0.0341959334565618
2024-09-30,F,10.56,-0.05630026809651467
2024-10-31,F,10.29,-0.02556818181818199
2024-11-29,F,11.13,0.08163265306122458
2024-12-31,F,9.9,-0.11051212938005395
2025-01-31,F,10.08,0.018181818181818077
2025-02-28,F,9.55,-0.052579365079365004
2025-03-31,F,10.03,0.05026178010471183
2025-04-30,F,10.01,-0.001994017946161497
2025-05-30,F,10.38,0.036963036963037155
2025-06-30,F,10.85,0.045279383429672304
2025-07-31,F,11.07,0.02027649769585249
2025-08-29,F,11.77,0.06323396567298989
2025-09-30,F,11.96,0.016142735768904126
2025-10-31,F,13.13,0.09782608695652173
2025-11-28,F,13.28,0.011424219345011366
2025-12-31,F,13.12,-0.012048192771084376
2015-02-27,GOOGL,28.13,0.046502976190476275
2015-03-31,GOOGL,27.74,-0.013864201919658758
2015-04-30,GOOGL,27.44,-0.010814708002883866
2015-05-29,GOOGL,27.27,-0.006195335276968028
2015-06-30,GOOGL,27.0,-0.00990099009900991
2015-07-31,GOOGL,32.88,0.21777777777777785
2015-08-31,GOOGL,32.39,-0.01490267639902687
2015-09-30,GOOGL,31.92,-0.014510651435628241
2015-10-30,GOOGL,36.87,0.1550751879699246
2015-11-30,GOOGL,38.14,0.03444534852183345
2015-12-31,GOOGL,38.9,0.019926586261143076
2016-01-29,GOOGL,38.07,-0.021336760925449783
2016-02-29,GOOGL,35.86,-0.05805095876017863
2016-03-31,GOOGL,38.15,0.06385945343000565
2016-04-29,GOOGL,35.39,-0.07234600262123192
2016-05-31,GOOGL,37.44,0.05792596778751058
2016-06-30,GOOGL,35.18,-0.06036324786324776
2016-07-29,GOOGL,39.57,0.12478681068789088
2016-08-31,GOOGL,39.49,-0.0020217336365933036
2016-09-30,GOOGL,40.2,0.017979235249430348
2016-10-31,GOOGL,40.5,0.00746268656716409
2016-11-30,GOOGL,38.79,-0.04222222222222227
2016-12-30,GOOGL,39.62,0.02139726733694247
2017-01-31,GOOGL,41.01,0.03508329126703691
2017-02-28,GOOGL,42.25,0.030236527676176683
2017-03-31,GOOGL,42.39,0.003313609467455736
2017-04-28,GOOGL,46.23,0.09058740268931342
2017-05-31,GOOGL,49.35,0.06748864373783259
2017-06-30,GOOGL,46.48,-0.05815602836879441
2017-07-31,GOOGL,47.28,0.017211703958692093
2017-08-31,GOOGL,47.76,0.010152284263959421
2017-09-29,GOOGL,48.69,0.019472361809045324
2017-10-31,GOOGL,51.65,0.060792770589443546
2017-11-30,GOOGL,51.81,0.0030977734753145914
2017-12-29,GOOGL,52.67,0.01659911214051335
2018-01-31,GOOGL,59.11,0.12227074235807867
2018-02-28,GOOGL,55.2,-0.06614785992217898
2018-03-29,GOOGL,51.86,-0.06050724637681171
2018-04-30,GOOGL,50.93,-0.01793289625915928
2018-05-31,GOOGL,55.0,0.079913606911447
2018-06-29,GOOGL,56.46,0.02654545454545465
2018-07-31,GOOGL,61.36,0.08678710591569261
2018-08-31,GOOGL,61.59,0.003748370273794155
2018-09-28,GOOGL,60.35,-0.020133138496509217
2018-10-31,GOOGL,54.53,-0.09643744821872413
2018-11-30,GOOGL,55.48,0.017421602787456303
2018-12-31,GOOGL,52.25,-0.05821917808219168
2019-01-31,GOOGL,56.29,0.07732057416267946
2019-02-28,GOOGL,56.33,0.0007106057914372244
2019-03-29,GOOGL,58.84,0.04455884963607315
2019-04-30,GOOGL,59.95,0.018864717878993797
2019-05-31,GOOGL,55.33,-0.07706422018348635
2019-06-28,GOOGL,54.14,-0.021507319718055307
2019-07-31,GOOGL,60.91,0.125046176579239
2019-08-30,GOOGL,59.53,-0.022656378263010923
2019-09-30,GOOGL,61.06,0.02570132706198547
2019-10-31,GOOGL,62.94,0.03078938748771698
2019-11-29,GOOGL,65.2,0.03590721321893886
2019-12-31,GOOGL,66.97,0.02714723926380369
2020-01-31,GOOGL,71.64,0.06973271614155596
2020-02-28,GOOGL,66.96,-0.0653266331658292
2020-03-31,GOOGL,58.1,-0.1323178016726403
2020-04-30,GOOGL,67.34,0.15903614457831328
2020-05-29,GOOGL,71.68,0.06444906444906451
2020-06-30,GOOGL,70.9,-0.010881696428571397
2020-07-31,GOOGL,74.4,0.049365303244005565
2020-08-31,GOOGL,81.48,0.0951612903225807
2020-09-30,GOOGL,73.28,-0.10063819342169855
2020-10-30,GOOGL,80.81,0.10275655021834051
2020-11-30,GOOGL,87.72,0.08550921915604492
2020-12-31,GOOGL,87.63,-0.0010259917920657502
2021-01-29,GOOGL,91.37,0.042679447677736126
2021-02-26,GOOGL,101.1,0.1064900952172485
2021-03-31,GOOGL,103.13,0.0200791295746785
2021-04-30,GOOGL,117.68,0.14108406865121692
2021-05-28,GOOGL,117.84,0.0013596193065941176
2021-06-30,GOOGL,122.09,0.036065852002715504
2021-07-30,GOOGL,134.73,0.10353018265214176
2021-08-31,GOOGL,144.7,0.0739998515549618
2021-09-30,GOOGL,133.68,-0.07615756738078772
2021-10-29,GOOGL,148.05,0.10749551166965898
2021-11-30,GOOGL,141.9,-0.041540020263424515
2021-12-31,GOOGL,144.85,0.020789288231148673
2022-01-31,GOOGL,135.3,-0.06593027269589213
2022-02-28,GOOGL,135.06,-0.0017738359201774356
2022-03-31,GOOGL,139.07,0.029690507922404796
2022-04-29,GOOGL,114.11,-0.17947796073919609
2022-05-31,GOOGL,113.76,-0.003067215844360649
2022-06-30,GOOGL,108.96,-0.04219409282700437
2022-07-29,GOOGL,116.32,0.06754772393538921
2022-08-31,GOOGL,108.22,-0.0696354883081155
2022-09-30,GOOGL,95.65,-0.11615228238772868
2022-10-31,GOOGL,94.51,-0.011918452692106674
2022-11-30,GOOGL,100.99,0.06856417310337526
2022-12-30,GOOGL,88.23,-0.1263491434795524
2023-01-31,GOOGL,98.84,0.12025388189958064
2023-02-28,GOOGL,90.06,-0.08883043302306759
2023-03-31,GOOGL,103.73,0.1517876970908283
2023-04-28,GOOGL,107.34,0.03480188952087149
2023-05-31,GOOGL,122.87,0.14468045463014723
2023-06-30,GOOGL,119.7,-0.025799625620574584
2023-07-31,GOOGL,132.72,0.1087719298245613
2023-08-31,GOOGL,136.17,0.025994575045207968
2023-09-29,GOOGL,130.86,-0.03899537343027082
2023-10-31,GOOGL,124.08,-0.05181109582760213
2023-11-30,GOOGL,132.53,0.0681012250161186
2023-12-29,GOOGL,139.69,0.054025503659548724
2024-01-31,GOOGL,140.1,0.0029350705132793475
2024-02-29,GOOGL,138.46,-0.011705924339757257
2024-03-28,GOOGL,150.93,0.09006211180124213
2024-04-30,GOOGL,162.78,0.07851321804810163
2024-05-31,GOOGL,172.5,0.0597124953925543
2024-06-28,GOOGL,182.15,0.055942028985507264
2024-07-31,GOOGL,171.54,-0.058248696129563626
2024-08-30,GOOGL,163.38,-0.04756908009793637
2024-09-30,GOOGL,165.85,0.015118129514016365
2024-10-31,GOOGL,171.11,0.031715405486885784
2024-11-29,GOOGL,168.95,-0.012623458593887138
2024-12-31,GOOGL,189.3,0.12044983722994984
2025-01-31,GOOGL,204.02,0.07776016904384564
2025-02-28,GOOGL,170.28,-0.16537594353494756
2025-03-31,GOOGL,154.64,-0.09184871975569664
2025-04-30,GOOGL,158.8,0.026901189860320862
2025-05-30,GOOGL,171.74,0.08148614609571792
2025-06-30,GOOGL,176.23,0.02614417142191683
2025-07-31,GOOGL,191.9,0.08891789139193107
2025-08-29,GOOGL,212.91,0.10948410630536731
2025-09-30,GOOGL,243.1,0.14179700342867885
2025-10-31,GOOGL,281.19,0.15668449197860967
2025-11-28,GOOGL,320.18,0.1386606920587503
2025-12-31,GOOGL,313.0,-0.022424886001624067
2015-02-27,KR,35.58,0.03040834057341435
2015-03-31,KR,38.33,0.07729061270376625
2015-04-30,KR,34.46,-0.10096530133055037
2015-05-29,KR,36.4,0.0562971561230412
2015-06-30,KR,36.26,-0.0038461538461538325
2015-07-31,KR,39.24,0.08218422504136802
2015-08-31,KR,34.5,-0.12079510703363916
2015-09-30,KR,36.07,0.04550724637681158
2015-10-30,KR,37.8,0.0479622955364567
2015-11-30,KR,37.66,-0.0037037037037037646
2015-12-31,KR,41.83,0.11072756240042492
2016-01-29,KR,38.81,-0.07219698780779338
2016-02-29,KR,39.91,0.028343210512754347
2016-03-31,KR,38.25,-0.0415935855675269
2016-04-29,KR,35.39,-0.07477124183006534
2016-05-31,KR,35.76,0.010454930771404358
2016-06-30,KR,36.79,0.028803131991051556
2016-07-29,KR,34.19,-0.07067137809187285
2016-08-31,KR,31.99,-0.06434630008774489
2016-09-30,KR,29.68,-0.07221006564551413
2016-10-31,KR,30.98,0.04380053908355808
2016-11-30,KR,32.3,0.04260813428018073
2016-12-30,KR,34.51,0.06842105263157894
2017-01-31,KR,33.96,-0.01593740944653721
2017-02-28,KR,31.8,-0.06360424028268552
2017-03-31,KR,29.49,-0.0726415094339623
2017-04-28,KR,29.65,0.005425567989148838
2017-05-31,KR,29.78,0.0043844856661046094
2017-06-30,KR,23.32,-0.2169241101410343
2017-07-31,KR,24.52,0.05145797598627788
2017-08-31,KR,21.87,-0.1080750407830342
2017-09-29,KR,20.06,-0.0827617741197989
2017-10-31,KR,20.7,0.031904287138584175
2017-11-30,KR,25.86,0.24927536231884062
2017-12-29,KR,27.45,0.061484918793503374
2018-01-31,KR,30.36,0.10601092896174857
2018-02-28,KR,27.12,-0.10671936758893275
2018-03-29,KR,23.94,-0.11725663716814161
2018-04-30,KR,25.19,0.05221386800334171
2018-05-31,KR,24.33,-0.034140531957125964
2018-06-29,KR,28.45,0.1693382655158242
2018-07-31,KR,29.0,0.019332161687170446
2018-08-31,KR,31.5,0.0862068965517242
2018-09-28,KR,29.11,-0.07587301587301587
2018-10-31,KR,29.76,0.022329096530401937
2018-11-30,KR,29.66,-0.0033602150537634934
2018-12-31,KR,27.5,-0.07282535401213752
2019-01-31,KR,28.33,0.030181818181818088
2019-02-28,KR,29.33,0.035298270384751085
2019-03-29,KR,24.6,-0.16126832594613016
2019-04-30,KR,25.78,0.04796747967479664
2019-05-31,KR,22.81,-0.11520558572536854
2019-06-28,KR,21.71,-0.04822446295484428
2019-07-31,KR,21.16,-0.025333947489636133
2019-08-30,KR,23.68,0.11909262759924388
2019-09-30,KR,25.78,0.08868243243243246
2019-10-31,KR,24.64,-0.044220325833979834
2019-11-29,KR,27.34,0.10957792207792205
2019-12-31,KR,28.99,0.06035113386978774
2020-01-31,KR,26.86,-0.07347361159020349
2020-02-28,KR,28.13,0.04728220402084893
2020-03-31,KR,30.12,0.07074297902595106
2020-04-30,KR,31.61,0.04946879150066397
2020-05-29,KR,32.62,0.03195191395128116
2020-06-30,KR,33.85,0.03770692826486832
2020-07-31,KR,34.79,0.027769571639586266
2020-08-31,KR,35.68,0.025582063811440126
2020-09-30,KR,33.91,-0.04960762331838575
2020-10-30,KR,32.21,-0.050132704217044965
2020-11-30,KR,33.0,0.02452654455138159
2020-12-31,KR,31.76,-0.037575757575757485
2021-01-29,KR,34.5,0.08627204030226698
2021-02-26,KR,32.21,-0.06637681159420283
2021-03-31,KR,35.99,0.1173548587395219
2021-04-30,KR,36.54,0.01528202278410662
2021-05-28,KR,36.98,0.012041598248494711
2021-06-30,KR,38.31,0.03596538669551119
2021-07-30,KR,40.7,0.06238580005220573
2021-08-31,KR,46.03,0.1309582309582309
2021-09-30,KR,40.43,-0.12165978709537262
2021-10-29,KR,40.02,-0.010140984417511656
2021-11-30,KR,41.53,0.03773113443278353
2021-12-31,KR,45.26,0.08981459186130492
2022-01-31,KR,43.59,-0.036897923110914554
2022-02-28,KR,46.8,0.07364074328974524
2022-03-31,KR,57.37,0.22585470085470094
2022-04-29,KR,53.96,-0.05943873104409969
2022-05-31,KR,52.97,-0.018346923647146074
2022-06-30,KR,47.33,-0.10647536341325281
2022-07-29,KR,46.44,-0.018804141136699815
2022-08-31,KR,47.94,0.03229974160206717
2022-09-30,KR,43.75,-0.087400917813934
2022-10-31,KR,47.29,0.08091428571428572
2022-11-30,KR,49.19,0.04017762740537112
2022-12-30,KR,44.58,-0.09371823541370194
2023-01-31,KR,44.63,0.0011215791834904287
2023-02-28,KR,43.14,-0.03338561505713655
2023-03-31,KR,49.37,0.14441353732035234
2023-04-28,KR,48.63,-0.01498885963135499
2023-05-31,KR,45.33,-0.06785934608266508
2023-06-30,KR,47.0,0.03684094418707251
2023-07-31,KR,48.64,0.03489361702127658
2023-08-31,KR,46.39,-0.04625822368421051
2023-09-29,KR,44.75,-0.03535244664798454
2023-10-31,KR,45.37,0.013854748603352007
2023-11-30,KR,44.27,-0.024245095878333567
2023-12-29,KR,45.71,0.03252767110910315
2024-01-31,KR,46.14,0.009407131918617306
2024-02-29,KR,49.61,0.07520589510186393
2024-03-28,KR,57.13,0.1515823422697038
2024-04-30,KR,55.38,-0.030631892175739583
2024-05-31,KR,52.37,-0.05435175153485017
2024-06-28,KR,49.93,-0.04659156005346565
2024-07-31,KR,54.5,0.09152813939515325
2024-08-30,KR,53.21,-0.02366972477064222
2024-09-30,KR,57.3,0.07686525089268925
2024-10-31,KR,55.77,-0.026701570680628173
2024-11-29,KR,61.08,0.0952124798278644
2024-12-31,KR,61.15,0.0011460379829730805
2025-01-31,KR,61.64,0.008013082583810283
2025-02-28,KR,64.82,0.051589876703439286
2025-03-31,KR,67.69,0.044276457883369424
2025-04-30,KR,72.21,0.06677500369330769
2025-05-30,KR,68.23,-0.05511701980335115
2025-06-30,KR,71.73,0.05129708339440131
2025-07-31,KR,70.1,-0.02272410427993876
2025-08-29,KR,67.84,-0.032239657631954244
2025-09-30,KR,67.41,-0.0063384433962264675
2025-10-31,KR,63.63,-0.05607476635514008
2025-11-28,KR,67.28,0.05736287914505733
2025-12-31,KR,62.48,-0.07134363852556491
2015-02-27,MSFT,43.85,0.08539603960396036
2015-03-31,MSFT,40.66,-0.0727480045610035
2015-04-30,MSFT,48.64,0.1962616822429908
2015-05-29,MSFT,46.86,-0.036595394736842146
2015-06-30,MSFT,44.15,-0.057831839521980344
2015-07-31,MSFT,46.7,0.05775764439411102
2015-08-31,MSFT,43.52,-0.06809421841541752
2015-09-30,MSFT,44.26,0.01700367647058809
2015-10-30,MSFT,52.64,0.1893357433348397
2015-11-30,MSFT,54.35,0.03248480243161089
2015-12-31,MSFT,55.48,0.020791168353265777
2016-01-29,MSFT,55.09,-0.007029560201874396
2016-02-29,MSFT,50.88,-0.07642040297694686
2016-03-31,MSFT,55.23,0.08549528301886777
2016-04-29,MSFT,49.87,-0.09704870541372446
2016-05-31,MSFT,53.0,0.06276318427912586
2016-06-30,MSFT,51.17,-0.034528301886792456
2016-07-29,MSFT,56.68,0.10768028141489139
2016-08-31,MSFT,57.46,0.013761467889908285
2016-09-30,MSFT,57.6,0.002436477549599747
2016-10-31,MSFT,59.92,0.04027777777777786
2016-11-30,MSFT,60.26,0.0056742323097462855
2016-12-30,MSFT,62.14,0.031198141387321687
2017-01-31,MSFT,64.65,0.040392661731573964
2017-02-28,MSFT,63.98,-0.010363495746326556
2017-03-31,MSFT,65.86,0.02938418255704911
2017-04-28,MSFT,68.46,0.03947767992711815
2017-05-31,MSFT,69.84,0.020157756354075573
2017-06-30,MSFT,68.93,-0.01302978235967922
2017-07-31,MSFT,72.7,0.054693166980995134
2017-08-31,MSFT,74.77,0.028473177441540543
2017-09-29,MSFT,74.49,-0.0037448174401497614
2017-10-31,MSFT,83.18,0.11665995435628962
2017-11-30,MSFT,84.17,0.011901899495070811
2017-12-29,MSFT,85.54,0.016276583105619524
2018-01-31,MSFT,95.01,0.11070844049567441
2018-02-28,MSFT,93.77,-0.013051257762340951
2018-03-29,MSFT,91.27,-0.02666097899114861
2018-04-30,MSFT,93.52,0.02465213103977204
2018-05-31,MSFT,98.84,0.05688622754491024
2018-06-29,MSFT,98.61,-0.002326993120194243
2018-07-31,MSFT,106.08,0.07575296623060535
2018-08-31,MSFT,112.33,0.058917797888386136
2018-09-28,MSFT,114.37,0.018160776284162683
2018-10-31,MSFT,106.81,-0.06610125032788317
2018-11-30,MSFT,110.89,0.03819867053646653
2018-12-31,MSFT,101.57,-0.08404725403553082
2019-01-31,MSFT,104.43,0.0281579206458602
2019-02-28,MSFT,112.03,0.07277602221583823
2019-03-29,MSFT,117.94,0.0527537266803535
2019-04-30,MSFT,130.6,0.10734271663557737
2019-05-31,MSFT,123.68,-0.052986217457886564
2019-06-28,MSFT,133.96,0.08311772315653299
2019-07-31,MSFT,136.27,0.017243953418931035
2019-08-30,MSFT,137.86,0.01166801203493062
2019-09-30,MSFT,139.03,0.008486870738430241
2019-10-31,MSFT,143.37,0.031216284255196847
2019-11-29,MSFT,151.38,0.0558694287507846
2019-12-31,MSFT,157.7,0.0417492403223676
2020-01-31,MSFT,170.23,0.07945466074825625
2020-02-28,MSFT,162.01,-0.04828761087939848
2020-03-31,MSFT,157.71,-0.02654157150793146
2020-04-30,MSFT,179.21,0.13632616828355837
2020-05-29,MSFT,183.25,0.022543384855755688
2020-06-30,MSFT,203.51,0.11055934515688937
2020-07-31,MSFT,205.01,0.007370645177141144
2020-08-31,MSFT,225.53,0.1000926784059315
2020-09-30,MSFT,210.33,-0.06739679865206394
2020-10-30,MSFT,202.47,-0.03736984738268445
2020-11-30,MSFT,214.07,0.057292438385933675
2020-12-31,MSFT,222.42,0.03900593263885632
2021-01-29,MSFT,231.96,0.04289182627461563
2021-02-26,MSFT,232.38,0.0018106570098292973
2021-03-31,MSFT,235.77,0.014588174541698917
2021-04-30,MSFT,252.18,0.06960173050006357
2021-05-28,MSFT,249.68,-0.009913553810770082
2021-06-30,MSFT,270.9,0.08498878564562617
2021-07-30,MSFT,284.91,0.05171650055371013
2021-08-31,MSFT,301.88,0.05956266891299
2021-09-30,MSFT,281.92,-0.06611898767722268
2021-10-29,MSFT,331.62,0.1762911464245176
2021-11-30,MSFT,330.59,-0.003105964658344007
2021-12-31,MSFT,336.32,0.01733264769049292
2022-01-31,MSFT,310.98,-0.07534490960989526
2022-02-28,MSFT,298.79,-0.03919866229339508
2022-03-31,MSFT,308.31,0.03186184276582216
2022-04-29,MSFT,277.52,-0.09986701696344591
2022-05-31,MSFT,271.87,-0.020358893052752847
2022-06-30,MSFT,256.83,-0.05532055761945054
2022-07-29,MSFT,280.74,0.0930966008643852
2022-08-31,MSFT,261.47,-0.06864002279689385
2022-09-30,MSFT,232.9,-0.10926683749569743
2022-10-31,MSFT,232.13,-0.0033061399742378983
2022-11-30,MSFT,255.14,0.09912549002713988
2022-12-30,MSFT,239.82,-0.060045465234773054
2023-01-31,MSFT,247.81,0.033316654157284686
2023-02-28,MSFT,249.42,0.00649691295750765
2023-03-31,MSFT,288.3,0.15588164541736838
2023-04-28,MSFT,307.26,0.06576482830385011
2023-05-31,MSFT,328.39,0.06876912061446339
2023-06-30,MSFT,340.54,0.0369986905813211
2023-07-31,MSFT,335.92,-0.013566688201092414
2023-08-31,MSFT,327.76,-0.02429149797570862
2023-09-29,MSFT,315.75,-0.03664266536490113
2023-10-31,MSFT,338.11,0.07081551860649249
2023-11-30,MSFT,378.91,0.1206707876134987
2023-12-29,MSFT,376.04,-0.00757435802697215
2024-01-31,MSFT,397.58,0.05728114030422282
2024-02-29,MSFT,413.64,0.04039438603551493
2024-03-28,MSFT,420.72,0.017116333043226017
2024-04-30,MSFT,389.33,-0.07461019205172092
2024-05-31,MSFT,415.13,0.06626769064803639
2024-06-28,MSFT,446.95,0.07665068773637174
2024-07-31,MSFT,418.35,-0.06398926054368492
2024-08-30,MSFT,417.14,-0.002892315047209326
2024-09-30,MSFT,430.3,0.03154816128877602
2024-10-31,MSFT,406.35,-0.055658842667906105
2024-11-29,MSFT,423.46,0.042106558385627935
2024-12-31,MSFT,421.5,-0.00462853634345628
2025-01-31,MSFT,415.06,-0.015278766310794722
2025-02-28,MSFT,396.99,-0.04353587433142192
2025-03-31,MSFT,375.39,-0.05440943096803452
2025-04-30,MSFT,395.26,0.052931617784171214
2025-05-30,MSFT,460.36,0.1647017153266206
2025-06-30,MSFT,497.41,0.08048049352680509
2025-07-31,MSFT,533.5,0.07255583924730091
2025-08-29,MSFT,506.69,-0.05025304592314905
2025-09-30,MSFT,517.95,0.02222266079851587
2025-10-31,MSFT,517.81,-0.0002702963606527886
2025-11-28,MSFT,492.01,-0.04982522546880119
2025-12-31,MSFT,483.62,-0.017052498932948468
2015-02-27,SPX,2104.5,0.054892505726845675
2015-03-31,SPX,2067.89,-0.017396056070325572
2015-04-30,SPX,2085.51,0.008520762709815388
2015-05-29,SPX,2107.39,0.010491438545008114
2015-06-30,SPX,2063.11,-0.0210117728564716
2015-07-31,SPX,2103.84,0.01974203993000856
2015-08-31,SPX,1972.18,-0.06258080462392579
2015-09-30,SPX,1920.03,-0.026442819620927094
2015-10-30,SPX,2079.36,0.08298307838940033
2015-11-30,SPX,2080.41,0.0005049630655584725
2015-12-31,SPX,2043.94,-0.017530198374358763
2016-01-29,SPX,1940.24,-0.05073534448173622
2016-02-29,SPX,1932.23,-0.004128355255019978
2016-03-31,SPX,2059.74,0.0659911087189411
2016-04-29,SPX,2065.3,0.00269936982337593
2016-05-31,SPX,2096.96,0.01532949208347456
2016-06-30,SPX,2098.86,0.0009060735540973308
2016-07-29,SPX,2173.6,0.0356098072286859
2016-08-31,SPX,2170.95,-0.0012191755612808164
2016-09-30,SPX,2168.27,-0.0012344825997834263
2016-10-31,SPX,2126.15,-0.01942562503747225
2016-11-30,SPX,2198.81,0.03417444676998316
2016-12-30,SPX,2238.83,0.018200754044233047
2017-01-31,SPX,2278.87,0.017884341374735824
2017-02-28,SPX,2363.64,0.037198260541408734
2017-03-31,SPX,2362.72,-0.00038923017041514463
2017-04-28,SPX,2384.2,0.00909121690255299
2017-05-31,SPX,2411.8,0.011576210049492719
2017-06-30,SPX,2423.41,0.004813831992702466
2017-07-31,SPX,2470.3,0.019348768883515444
2017-08-31,SPX,2471.65,0.0005464923288669432
2017-09-29,SPX,2519.36,0.019302894827342154
2017-10-31,SPX,2575.26,0.022188174774546043
2017-11-30,SPX,2647.58,0.028082601368405458
2017-12-29,SPX,2673.61,0.009831619818853499
2018-01-31,SPX,2823.81,0.056178724645703726
2018-02-28,SPX,2713.83,-0.038947379604151844
2018-03-29,SPX,2640.87,-0.026884513768364315
2018-04-30,SPX,2648.05,0.002718801001185378
2018-05-31,SPX,2705.27,0.02160835331659139
2018-06-29,SPX,2718.37,0.004842400204046138
2018-07-31,SPX,2816.29,0.03602158646541875
2018-08-31,SPX,2901.52,0.030263218631604083
2018-09-28,SPX,2913.98,0.0042943009181395375
2018-10-31,SPX,2711.74,-0.06940335897981464
2018-11-30,SPX,2760.17,0.01785938179914015
2018-12-31,SPX,2506.85,-0.09177695576721734
2019-01-31,SPX,2704.1,0.07868440473103688
2019-02-28,SPX,2784.49,0.02972893014311606
2019-03-29,SPX,2834.4,0.01792428775107835
2019-04-30,SPX,2945.83,0.03931343494213935
2019-05-31,SPX,2752.06,-0.06577772648116154
2019-06-28,SPX,2941.76,0.06893018320821498
2019-07-31,SPX,2980.38,0.013128195366039375
2019-08-30,SPX,2926.46,-0.01809165274226776
2019-09-30,SPX,2976.74,0.017181167690656807
2019-10-31,SPX,3037.56,0.020431747482144935
2019-11-29,SPX,3140.98,0.03404706409091518
2019-12-31,SPX,3230.78,0.028589803182446305
2020-01-31,SPX,3225.52,-0.001628089811129274
2020-02-28,SPX,2954.22,-0.08411046900964814
2020-03-31,SPX,2584.59,-0.12511932083595656
2020-04-30,SPX,2912.43,0.12684410293315374
2020-05-29,SPX,3044.31,0.04528177501261843
2020-06-30,SPX,3100.29,0.018388403283502663
2020-07-31,SPX,3271.12,0.0551012969754443
2020-08-31,SPX,3500.31,0.07006468732421922
2020-09-30,SPX,3363.0,-0.0392279540954944
2020-10-30,SPX,3269.96,-0.0276657746060065
2020-11-30,SPX,3621.63,0.10754565805086314
2020-12-31,SPX,3756.07,0.03712140665943231
2021-01-29,SPX,3714.24,-0.011136640158463607
2021-02-26,SPX,3811.15,0.026091474971999817
2021-03-31,SPX,3972.89,0.04243863400810777
2021-04-30,SPX,4181.17,0.05242531255584737
2021-05-28,SPX,4204.11,0.005486502581813157
2021-06-30,SPX,4297.5,0.02221397632316946
2021-07-30,SPX,4395.26,0.02274810936591054
2021-08-31,SPX,4522.68,0.028990321391681118
2021-09-30,SPX,4307.54,-0.047569140421166334
2021-10-29,SPX,4605.38,0.06914387330123462
2021-11-30,SPX,4567.0,-0.00833373141847149
2021-12-31,SPX,4766.18,0.04361287497262989
2022-01-31,SPX,4515.55,-0.05258508910699977
2022-02-28,SPX,4373.94,-0.03136052086678265
2022-03-31,SPX,4530.41,0.03577323877328009
2022-04-29,SPX,4131.93,-0.08795671914903935
2022-05-31,SPX,4132.15,5.324388360872234e-05
2022-06-30,SPX,3785.38,-0.08391999322386645
2022-07-29,SPX,4130.29,0.09111634763220589
2022-08-31,SPX,3955.0,-0.04244011921681046
2022-09-30,SPX,3585.62,-0.09339570164348932
2022-10-31,SPX,3871.98,0.07986345457689326
2022-11-30,SPX,4080.11,0.053752860293699856
2022-12-30,SPX,3839.5,-0.058971449299161094
2023-01-31,SPX,4076.6,0.06175283240005203
2023-02-28,SPX,3970.15,-0.026112446646715304
2023-03-31,SPX,4109.31,0.03505157235872702
2023-04-28,SPX,4169.48,0.01464236088297044
2023-05-31,SPX,4179.83,0.002482323934879238
2023-06-30,SPX,4450.38,0.0647275128414313
2023-07-31,SPX,4588.96,0.031138913980379268
2023-08-31,SPX,4507.66,-0.01771643248143373
2023-09-29,SPX,4288.05,-0.04871929116215501
2023-10-31,SPX,4193.8,-0.021979687736850106
2023-11-30,SPX,4567.8,0.08917926462873771
2023-12-29,SPX,4769.83,0.04422916940321375
2024-01-31,SPX,4845.65,0.015895744712075555
2024-02-29,SPX,5096.27,0.05172061539731532
2024-03-28,SPX,5254.35,0.031018764704381807
2024-04-30,SPX,5035.69,-0.04161504277408257
2024-05-31,SPX,5277.51,0.04802122449952262
2024-06-28,SPX,5460.48,0.034669759034089864
2024-07-31,SPX,5522.3,0.011321349038912354
2024-08-30,SPX,5648.4,0.022834688445031892
2024-09-30,SPX,5762.48,0.020196869910062976
2024-10-31,SPX,5705.45,-0.009896780552817508
2024-11-29,SPX,6032.38,0.057301352215863854
2024-12-31,SPX,5881.63,-0.024990136563014964
2025-01-31,SPX,6040.53,0.027016320305765618
2025-02-28,SPX,5954.5,-0.014242127760312417
2025-03-31,SPX,5611.85,-0.05754471408178685
2025-04-30,SPX,5569.06,-0.007624936518260461
2025-05-30,SPX,5911.69,0.06152384783069298
2025-06-30,SPX,6204.95,0.04960679602617879
2025-07-31,SPX,6339.39,0.021666572655702376
2025-08-29,SPX,6460.26,0.01906650324400294
2025-09-30,SPX,6688.46,0.03532365570425955
2025-10-31,SPX,6840.2,0.022686836730727133
2025-11-28,SPX,6849.09,0.001299669600304032
2025-12-31,SPX,6845.5,-0.0005241572238063874
2015-02-27,SPY,210.66,0.05620456254700423
2015-03-31,SPY,206.43,-0.020079749359156907
2015-04-30,SPY,208.46,0.009833841980332325
2015-05-29,SPY,211.14,0.012856183440468127
2015-06-30,SPY,205.85,-0.025054466230936767
2015-07-31,SPY,210.5,0.022589264027204292
2015-08-31,SPY,197.67,-0.060950118764845684
2015-09-30,SPY,191.63,-0.03055597713360647
2015-10-30,SPY,207.93,0.08505975056097692
2015-11-30,SPY,208.69,0.003655076227576437
2015-12-31,SPY,203.87,-0.023096458862427505
2016-01-29,SPY,193.72,-0.049786628733997196
2016-02-29,SPY,193.56,-0.0008259343382200912
2016-03-31,SPY,205.52,0.06178962595577597
2016-04-29,SPY,206.33,0.003941222265472888
2016-05-31,SPY,209.84,0.01701158338583819
2016-06-30,SPY,209.48,-0.0017155928326344494
2016-07-29,SPY,217.12,0.036471262172999896
2016-08-31,SPY,217.38,0.0011974944731023562
2016-09-30,SPY,216.3,-0.0049682583494341515
2016-10-31,SPY,212.55,-0.01733703190013869
2016-11-30,SPY,220.38,0.03683839096683128
2016-12-30,SPY,223.53,0.014293493057446316
2017-01-31,SPY,227.53,0.01789468975081654
2017-02-28,SPY,236.47,0.03929152199709929
2017-03-31,SPY,235.74,-0.0030870723559013324
2017-04-28,SPY,238.08,0.00992618987019589
2017-05-31,SPY,241.44,0.014112903225806495
2017-06-30,SPY,241.8,0.0014910536779324524
2017-07-31,SPY,246.77,0.020554177005789986
2017-08-31,SPY,247.49,0.002917696640596601
2017-09-29,SPY,251.23,0.01511172168572461
2017-10-31,SPY,257.15,0.02356406480117812
2017-11-30,SPY,265.01,0.030565817616177382
2017-12-29,SPY,266.86,0.006980868646466298
2018-01-31,SPY,281.9,0.05635913962377259
2018-02-28,SPY,271.65,-0.03636041149343738
2018-03-29,SPY,263.15,-0.03129026320633166
2018-04-30,SPY,264.51,0.005168155044651401
2018-05-31,SPY,270.94,0.024309099844996407
2018-06-29,SPY,271.28,0.0012548903816342882
2018-07-31,SPY,281.33,0.037046593925095905
2018-08-31,SPY,290.31,0.031919809476415706
2018-09-28,SPY,290.72,0.0014122834211705015
2018-10-31,SPY,270.63,-0.06910429279031383
2018-11-30,SPY,275.65,0.018549310867235658
2018-12-31,SPY,249.92,-0.09334300743696711
2019-01-31,SPY,269.93,0.08006562099871961
2019-02-28,SPY,278.68,0.03241581150668682
2019-03-29,SPY,282.48,0.013635711209990076
2019-04-30,SPY,294.02,0.040852449730954365
2019-05-31,SPY,275.27,-0.06377117202911364
2019-06-28,SPY,293.0,0.0644094888654776
2019-07-31,SPY,297.43,0.01511945392491465
2019-08-30,SPY,292.45,-0.016743435430185305
2019-09-30,SPY,296.77,0.014771755855701896
2019-10-31,SPY,303.33,0.022104660174546042
2019-11-29,SPY,314.31,0.03619819998021967
2019-12-31,SPY,321.86,0.024020871114504905
2020-01-31,SPY,321.73,-0.0004039023177778711
2020-02-28,SPY,296.26,-0.07916576010940857
2020-03-31,SPY,257.75,-0.129987173428745
2020-04-30,SPY,290.48,0.12698351115421924
2020-05-29,SPY,304.32,0.04764527678325514
2020-06-30,SPY,308.36,0.013275499474237673
2020-07-31,SPY,326.52,0.05889220391749883
2020-08-31,SPY,349.31,0.0697966433909103
2020-09-30,SPY,334.89,-0.04128138329850284
2020-10-30,SPY,326.54,-0.02493356027352256
2020-11-30,SPY,362.06,0.10877687266491076
2020-12-31,SPY,373.88,0.03264652267579948
2021-01-29,SPY,370.07,-0.010190435433829026
2021-02-26,SPY,380.36,0.02780555030129439
2021-03-31,SPY,396.33,0.041986539068251005
2021-04-30,SPY,417.3,0.052910453410037084
2021-05-28,SPY,420.04,0.006566019650131816
2021-06-30,SPY,428.06,0.01909341967431666
2021-07-30,SPY,438.51,0.024412465542213768
2021-08-31,SPY,451.56,0.029759868646097143
2021-09-30,SPY,429.14,-0.049650101869076146
2021-10-29,SPY,459.25,0.07016358297991343
2021-11-30,SPY,455.56,-0.008034839412084938
2021-12-31,SPY,474.96,0.04258495039072785
2022-01-31,SPY,449.91,-0.0527412834765032
2022-02-28,SPY,436.63,-0.029517014514014006
2022-03-31,SPY,451.64,0.03437693241417206
2022-04-29,SPY,412.0,-0.08776901957311134
2022-05-31,SPY,412.93,0.002257281553398105
2022-06-30,SPY,377.25,-0.08640689705276927
2022-07-29,SPY,411.99,0.09208747514910542
2022-08-31,SPY,395.18,-0.040801961212650784
2022-09-30,SPY,357.18,-0.09615871248544972
2022-10-31,SPY,386.21,0.08127554734307618
2022-11-30,SPY,407.68,0.055591517568162496
2022-12-30,SPY,382.43,-0.061935832025117765
2023-01-31,SPY,406.48,0.06288732578511103
2023-02-28,SPY,396.26,-0.02514268844715617
2023-03-31,SPY,409.39,0.03313481047796896
2023-04-28,SPY,415.93,0.0159749871760424
2023-05-31,SPY,417.85,0.004616161373308003
2023-06-30,SPY,443.28,0.06085915998564073
2023-07-31,SPY,457.79,0.032733261144197945
2023-08-31,SPY,450.35,-0.016251993272024312
2023-09-29,SPY,427.48,-0.050782724547574154
2023-10-31,SPY,418.2,-0.02170861794703849
2023-11-30,SPY,456.4,0.0913438546150167
2023-12-29,SPY,475.31,0.041432953549517926
2024-01-31,SPY,482.88,0.01592644800235643
2024-02-29,SPY,508.08,0.05218687872763428
2024-03-28,SPY,523.07,0.029503227838135748
2024-04-30,SPY,501.98,-0.040319651289502434
2024-05-31,SPY,527.37,0.050579704370691925
2024-06-28,SPY,544.22,0.031951002142708296
2024-07-31,SPY,550.81,0.01210907353643731
2024-08-30,SPY,563.68,0.023365588860042585
2024-09-30,SPY,573.76,0.017882486517172946
2024-10-31,SPY,568.64,-0.008923591745677695
2024-11-29,SPY,602.55,0.059633511536297146
2024-12-31,SPY,586.08,-0.027333831217326243
2025-01-31,SPY,601.82,0.026856401856401924
2025-02-28,SPY,594.18,-0.012694825695390821
2025-03-31,SPY,559.39,-0.05855128075667304
2025-04-30,SPY,554.54,-0.0086701585655804
2025-05-30,SPY,589.39,0.06284488044144698
2025-06-30,SPY,617.85,0.048287212202446694
2025-07-31,SPY,632.08,0.023031480132718274
2025-08-29,SPY,645.05,0.020519554486773783
2025-09-30,SPY,666.18,0.03275715060848006
2025-10-31,SPY,682.06,0.0238374013029512
2025-11-28,SPY,683.39,0.0019499750755065381
2025-12-31,SPY,681.92,-0.002151041133174325
2015-02-27,T,34.56,0.049817739975698716
2015-03-31,T,32.65,-0.05526620370370383
2015-04-30,T,34.64,0.06094946401225121
2015-05-29,T,34.54,-0.0028868360277136684
2015-06-30,T,35.52,0.028372900984366067
2015-07-31,T,34.74,-0.02195945945945954
2015-08-31,T,33.2,-0.04432930339666086
2015-09-30,T,32.58,-0.01867469879518091
2015-10-30,T,33.51,0.028545119705340793
2015-11-30,T,33.67,0.004774694121157941
2015-12-31,T,34.41,0.0219780219780219
2016-01-29,T,36.06,0.04795117698343532
2016-02-29,T,36.95,0.02468108707709371
2016-03-31,T,39.17,0.06008119079837604
2016-04-29,T,38.82,-0.008935409752361512
2016-05-31,T,39.15,0.008500772797527034
2016-06-30,T,43.21,0.10370370370370385
2016-07-29,T,43.29,0.0018514232816477794
2016-08-31,T,40.88,-0.05567105567105557
2016-09-30,T,40.61,-0.006604696673189858
2016-10-31,T,36.79,-0.09406550110810141
2016-11-30,T,38.63,0.050013590649633066
2016-12-30,T,42.53,0.10095780481491068
2017-01-31,T,42.16,-0.008699741359040836
2017-02-28,T,41.79,-0.008776091081593829
2017-03-31,T,41.55,-0.005743000717875146
2017-04-28,T,39.63,-0.04620938628158833
2017-05-31,T,38.53,-0.02775674993691646
2017-06-30,T,37.73,-0.020763041785621716
2017-07-31,T,39.0,0.03366021733368685
2017-08-31,T,37.46,-0.0394871794871795
2017-09-29,T,39.17,0.0456486919380672
2017-10-31,T,33.65,-0.1409241766658158
2017-11-30,T,36.38,0.08112927191679065
2017-12-29,T,38.88,0.06871907641561292
2018-01-31,T,37.45,-0.036779835390946536
2018-02-28,T,36.3,-0.03070761014686263
2018-03-29,T,35.65,-0.017906336088154284
2018-04-30,T,32.7,-0.08274894810659172
2018-05-31,T,32.32,-0.011620795107033732
2018-06-29,T,32.11,-0.0064975247524752255
2018-07-31,T,31.97,-0.0043600124571784304
2018-08-31,T,31.94,-0.0009383797309977515
2018-09-28,T,33.58,0.05134627426424543
2018-10-31,T,30.68,-0.08636092912447879
2018-11-30,T,31.24,0.018252933507170832
2018-12-31,T,28.54,-0.08642765685019205
2019-01-31,T,30.06,0.053258584442887225
2019-02-28,T,31.12,0.03526280771789758
2019-03-29,T,31.36,0.007712082262210762
2019-04-30,T,30.96,-0.012755102040816313
2019-05-31,T,30.58,-0.012273901808785626
2019-06-28,T,33.51,0.09581425768476137
2019-07-31,T,34.05,0.01611459265890769
2019-08-30,T,35.26,0.03553597650513951
2019-09-30,T,37.84,0.07317073170731714
2019-10-31,T,38.49,0.017177589852008346
2019-11-29,T,37.38,-0.02883865939204988
2019-12-31,T,39.08,0.045478865703584725
2020-01-31,T,37.62,-0.03735926305015358
2020-02-28,T,35.22,-0.0637958532695374
2020-03-31,T,29.15,-0.17234525837592274
2020-04-30,T,30.47,0.04528301886792452
2020-05-29,T,30.86,0.01279947489333777
2020-06-30,T,30.23,-0.02041477640959166
2020-07-31,T,29.58,-0.02150181938471729
2020-08-31,T,29.81,0.007775524002704648
2020-09-30,T,28.51,-0.043609527004360826
2020-10-30,T,27.02,-0.05226236408277807
2020-11-30,T,28.75,0.06402664692820137
2020-12-31,T,28.76,0.0003478260869564931
2021-01-29,T,28.63,-0.004520166898470235
2021-02-26,T,27.89,-0.025847013622074644
2021-03-31,T,30.27,0.08533524560774475
2021-04-30,T,31.41,0.03766105054509428
2021-05-28,T,29.43,-0.0630372492836676
2021-06-30,T,28.78,-0.022086306489976115
2021-07-30,T,28.05,-0.025364836692147286
2021-08-31,T,27.42,-0.022459893048128343
2021-09-30,T,27.01,-0.014952589350838763
2021-10-29,T,25.26,-0.06479081821547572
2021-11-30,T,22.83,-0.09619952494061768
2021-12-31,T,24.6,0.07752956636005282
2022-01-31,T,25.5,0.03658536585365857
2022-02-28,T,23.69,-0.07098039215686269
2022-03-31,T,23.63,-0.002532714225411681
2022-04-29,T,18.86,-0.20186203977994077
2022-05-31,T,21.29,0.12884411452810185
2022-06-30,T,20.96,-0.015500234852043104
2022-07-29,T,18.78,-0.1040076335877862
2022-08-31,T,17.54,-0.06602768903088407
2022-09-30,T,15.34,-0.12542759407069548
2022-10-31,T,18.23,0.18839634941329853
2022-11-30,T,19.28,0.05759736697750961
2022-12-30,T,18.41,-0.04512448132780089
2023-01-31,T,20.37,0.10646387832699622
2023-02-28,T,18.91,-0.07167403043691711
2023-03-31,T,19.25,0.017979904812268632
2023-04-28,T,17.67,-0.08207792207792197
2023-05-31,T,15.73,-0.10979060554612341
2023-06-30,T,15.95,0.013986013986013957
2023-07-31,T,14.52,-0.08965517241379306
2023-08-31,T,14.79,0.018595041322313932
2023-09-29,T,15.02,0.015551048005409074
2023-10-31,T,15.4,0.025299600532623145
2023-11-30,T,16.57,0.07597402597402603
2023-12-29,T,16.78,0.012673506336753126
2024-01-31,T,17.69,0.05423122765196653
2024-02-29,T,16.93,-0.042962125494629855
2024-03-28,T,17.6,0.039574719432959427
2024-04-30,T,16.89,-0.04034090909090915
2024-05-31,T,18.22,0.07874481941977485
2024-06-28,T,19.11,0.04884742041712409
2024-07-31,T,19.25,0.0073260073260073
2024-08-30,T,19.9,0.033766233766233666
2024-09-30,T,22.0,0.1055276381909549
2024-10-31,T,22.54,0.024545454545454426
2024-11-29,T,23.16,0.027506654835847355
2024-12-31,T,22.77,-0.01683937823834203
2025-01-31,T,23.73,0.04216073781291185
2025-02-28,T,27.41,0.15507796038769484
2025-03-31,T,28.28,0.031740240788033613
2025-04-30,T,27.7,-0.020509193776520607
2025-05-30,T,27.8,0.0036101083032491488
2025-06-30,T,28.94,0.04100719424460442
2025-07-31,T,27.41,-0.052868002764340005
2025-08-29,T,29.29,0.06858810653046321
2025-09-30,T,28.24,-0.03584841242744963
2025-10-31,T,24.75,-0.12358356940509907
2025-11-28,T,26.02,0.0513131313131312
2025-12-31,T,24.84,-0.04534973097617212
2015-02-27,WMT,27.98,-0.012354394634662813
2015-03-31,WMT,27.42,-0.020014295925661174
2015-04-30,WMT,26.02,-0.051057622173595996
2015-05-29,WMT,24.76,-0.04842428900845497
2015-06-30,WMT,23.64,-0.04523424878836835
2015-07-31,WMT,23.99,0.014805414551607443
2015-08-31,WMT,21.58,-0.10045852438516045
2015-09-30,WMT,21.61,0.0013901760889714065
2015-10-30,WMT,19.08,-0.11707542804257298
2015-11-30,WMT,19.61,0.0277777777777779
2015-12-31,WMT,20.43,0.04181540030596631
2016-01-29,WMT,22.12,0.08272148800783174
2016-02-29,WMT,22.11,-0.0004520795660036825
2016-03-31,WMT,22.83,0.03256445047489809
2016-04-29,WMT,22.29,-0.023653088042049908
2016-05-31,WMT,23.59,0.05832211754149852
2016-06-30,WMT,24.34,0.0317931326833405
2016-07-29,WMT,24.32,-0.0008216926869351049
2016-08-31,WMT,23.81,-0.020970394736842146
2016-09-30,WMT,24.04,0.009659806803864024
2016-10-31,WMT,23.34,-0.02911813643926786
2016-11-30,WMT,23.48,0.005998286203941827
2016-12-30,WMT,23.04,-0.01873935264054516
2017-01-31,WMT,22.25,-0.03428819444444442
2017-02-28,WMT,23.64,0.06247191011235964
2017-03-31,WMT,24.03,0.016497461928933976
2017-04-28,WMT,25.06,0.04286308780690784
2017-05-31,WMT,26.2,0.045490822027134836
2017-06-30,WMT,25.23,-0.03702290076335879
2017-07-31,WMT,26.66,0.05667855727308768
2017-08-31,WMT,26.02,-0.02400600150037513
2017-09-29,WMT,26.05,0.0011529592621060125
2017-10-31,WMT,29.1,0.11708253358925136
2017-11-30,WMT,32.41,0.11374570446735377
2017-12-29,WMT,32.92,0.015735883986424115
2018-01-31,WMT,35.53,0.0792831105710814
2018-02-28,WMT,30.0,-0.15564311849141577
2018-03-29,WMT,29.66,-0.011333333333333306
2018-04-30,WMT,29.49,-0.005731625084288705
2018-05-31,WMT,27.51,-0.0671414038657171
2018-06-29,WMT,28.55,0.037804434750999594
2018-07-31,WMT,29.74,0.04168126094570912
2018-08-31,WMT,31.95,0.07431069266980495
2018-09-28,WMT,31.3,-0.020344287949921713
2018-10-31,WMT,33.43,0.06805111821086252
2018-11-30,WMT,32.55,-0.02632366138199227
2018-12-31,WMT,31.05,-0.04608294930875567
2019-01-31,WMT,31.94,0.028663446054750352
2019-02-28,WMT,33.0,0.0331872260488415
2019-03-29,WMT,32.51,-0.014848484848484889
2019-04-30,WMT,34.28,0.0544447862196249
2019-05-31,WMT,33.81,-0.013710618436406086
2019-06-28,WMT,36.83,0.08932268559597745
2019-07-31,WMT,36.79,-0.0010860711376594612
2019-08-30,WMT,38.09,0.035335689045936425
2019-09-30,WMT,39.56,0.03859280651089514
2019-10-31,WMT,39.09,-0.011880687563195158
2019-11-29,WMT,39.7,0.015605014070094736
2019-12-31,WMT,39.61,-0.002267002518891781
2020-01-31,WMT,38.16,-0.036606917445089704
2020-02-28,WMT,35.89,-0.059486373165618334
2020-03-31,WMT,37.87,0.055168570632488034
2020-04-30,WMT,40.52,0.069976234486401
2020-05-29,WMT,41.35,0.020483711747285138
2020-06-30,WMT,39.93,-0.03434099153567116
2020-07-31,WMT,43.13,0.08014024542950171
2020-08-31,WMT,46.28,0.07303501043357286
2020-09-30,WMT,46.64,0.007778738115816752
2020-10-30,WMT,46.25,-0.00836192109777012
2020-11-30,WMT,50.93,0.10118918918918918
2020-12-31,WMT,48.05,-0.05654820341645406
2021-01-29,WMT,46.83,-0.025390218522372554
2021-02-26,WMT,43.31,-0.07516549220585089
2021-03-31,WMT,45.28,0.04548603093973669
2021-04-30,WMT,46.64,0.030035335689045928
2021-05-28,WMT,47.34,0.015008576329331058
2021-06-30,WMT,47.01,-0.006970849176172522
2021-07-30,WMT,47.52,0.010848755583918512
2021-08-31,WMT,49.37,0.038930976430976205
2021-09-30,WMT,46.46,-0.05894267773951789
2021-10-29,WMT,49.81,0.07210503659061551
2021-11-30,WMT,46.88,-0.05882352941176472
2021-12-31,WMT,48.23,0.02879692832764502
2022-01-31,WMT,46.6,-0.03379639228695819
2022-02-28,WMT,45.05,-0.03326180257510736
2022-03-31,WMT,49.64,0.10188679245283017
2022-04-29,WMT,51.0,0.02739726027397249
2022-05-31,WMT,42.88,-0.15921568627450977
2022-06-30,WMT,40.53,-0.05480410447761197
2022-07-29,WMT,44.02,0.08610905502097221
2022-08-31,WMT,44.18,0.0036347114947750114
2022-09-30,WMT,43.23,-0.021502942507922174
2022-10-31,WMT,47.44,0.09738607448531122
2022-11-30,WMT,50.81,0.07103709949409787
2022-12-30,WMT,47.26,-0.06986813619366272
2023-01-31,WMT,47.96,0.014811680067710498
2023-02-28,WMT,47.38,-0.012093411175979951
2023-03-31,WMT,49.15,0.037357534824820515
2023-04-28,WMT,50.32,0.02380467955239074
2023-05-31,WMT,48.96,-0.027027027027026973
2023-06-30,WMT,52.39,0.07005718954248374
2023-07-31,WMT,53.29,0.017178850925749112
2023-08-31,WMT,54.2,0.017076374554325424
2023-09-29,WMT,53.31,-0.01642066420664212
2023-10-31,WMT,54.47,0.02175951978990809
2023-11-30,WMT,51.9,-0.047181935010097265
2023-12-29,WMT,52.55,0.012524084778420042
2024-01-31,WMT,55.08,0.04814462416745968
2024-02-29,WMT,58.61,0.06408859840232384
2024-03-28,WMT,60.17,0.026616618324518004
2024-04-30,WMT,59.35,-0.013628053847432264
2024-05-31,WMT,65.76,0.10800336983993275
2024-06-28,WMT,67.71,0.02965328467153272
2024-07-31,WMT,68.64,0.013735046521931915
2024-08-30,WMT,77.23,0.1251456876456878
2024-09-30,WMT,80.75,0.045578143208597544
2024-10-31,WMT,81.95,0.014860681114551078
2024-11-29,WMT,92.5,0.12873703477730314
2024-12-31,WMT,90.35,-0.02324324324324334
2025-01-31,WMT,98.16,0.0864416159380188
2025-02-28,WMT,98.61,0.004584352078239595
2025-03-31,WMT,87.79,-0.10972518000202813
2025-04-30,WMT,97.25,0.10775714773892231
2025-05-30,WMT,98.72,0.015115681233933254
2025-06-30,WMT,97.78,-0.00952188006482979
2025-07-31,WMT,97.98,0.0020454080589078494
2025-08-29,WMT,96.98,-0.010206164523372085
2025-09-30,WMT,103.06,0.06269333883274908
2025-10-31,WMT,101.18,-0.01824180089268379
2025-11-28,WMT,110.51,0.09221189958489817
2025-12-31,WMT,111.41,0.008144059361143707
